Tyler;Huel;651970287;1962-09-21;7509 Rempel Keys, Marindahaven, United States, 70089-6703;+977 242.000.3551 x893
Freda;Cruickshank;901948554;1985-07-12;63207 Block Inlet, Rutherfordside, United States, 55901-4947;+1-784 212.018.7050 x4409
Tisa;Kris;797948536;1994-05-21;6437 Effertz Shoals, Gibsonbury, United States, 69504-0819;+690 (320) 168-3735 x08502
Roxann;Oberbrunner;409806353;1971-01-14;77719 Kuhn Mill, Reginiaport, United States, 35488-1997;+853 720.687.3523 x884
Chassidy;Sauer;429753544;1994-03-04;53667 Omer Lodge, South Griselda, United States, 86768-6653;+350 1-368-222-7799
Refugio;Shields;228355343;1976-11-22;808 O'Keefe Plains, Briceton, United States, 12986;+49 617-228-9797 x3592
Tommy;Schaefer;759484587;1982-11-12;887 Berge Crossroad, Port Leisha, United States, 71882;+32 226.365.1697 x776
Florencio;Schmitt;435356704;1963-12-09;4881 Ratke Gardens, East Augusta, United States, 45799-6422;+505 (707) 802-0835
Stormy;Kulas;269577524;1961-11-18;509 Miller Crest, Lakeeshaville, United States, 97119;+596 1-389-127-5735 x4577
Sallie;Schamberger;374154557;1988-08-01;800 Wendi Park, Wolfside, United States, 39988-5929;+227 181.903.9197 x1539
Felipe;Feil;248190803;1998-02-07;3981 Okuneva Corners, Ottomouth, United States, 33264-5327;+43 (630) 683-8830
Joline;VonRueden;964722979;1961-04-12;3991 Mohammad Neck, Funkside, United States, 80915;+380 405.554.3791
Rey;Koss;630159713;1965-11-14;94327 Harvey Forest, Carieburgh, United States, 67992-6443;+850 838.669.9374 x6199
Henrietta;Walter;729510529;1965-01-27;52664 Huels Meadow, East Marshall, United States, 20649;+809 428-162-4723
Gwenn;Homenick;950834697;1999-02-07;148 Emmerich Estate, West Austinfurt, United States, 19583;+61-8 752.850.8727 x857
Vince;Bahringer;351396759;1977-03-15;92874 Jonathon Forest, Sonyastad, United States, 42584-2621;+973 852-739-3813 x74373
Rodolfo;Green;167843366;1978-09-05;25025 Kuhic Mill, North Krista, United States, 62063;+44 1-328-136-0933 x97258
Carrol;Nitzsche;102940277;2002-12-10;3250 Aurora Canyon, Considinetown, United States, 30778-6296;+46 780-922-2663
Jenette;Leuschke;990938409;1997-11-30;6463 Florentina Passage, West Arielton, United States, 51086;+856 1-381-409-6229
Henry;Purdy;694415738;1981-01-19;91897 Vincenza Key, South Christenfurt, United States, 04396-0061;+236 1-616-995-2997
Heidy;Macejkovic;119373306;1969-08-17;473 Dagmar Shores, Vergieshire, United States, 77375;+420 357-507-9615 x646
Shu;Hilpert;995662194;1990-07-01;827 Deckow Glen, Naomitown, United States, 19280-5878;+381 642-276-6153 x0521
Emmett;Considine;576813406;1965-12-02;9361 Azalee Glens, East Toryborough, United States, 04874-8090;+223 (286) 287-0174
Dalton;Mills;986314201;1992-01-05;74763 Demarcus Skyway, South Ginochester, United States, 93464;+850 908-981-6745 x515
Danny;Kshlerin;339775801;1983-01-14;389 Stracke View, East Yingfort, United States, 31565;+389 223.199.7087 x07863
Melissa;Greenfelder;763821147;1961-12-10;93344 Evelynn Villages, Leroyville, United States, 84372-4238;+376 716-610-3683 x38425
Many;Schneider;298756081;1991-07-17;50428 Watsica Harbor, New Tyron, United States, 03917-9264;+850 1-204-243-2930 x865
Catrice;Cummerata;701162083;1989-01-13;51895 Benita Crossing, Eddyfurt, United States, 65483-5041;+86 953-974-1825 x08718
Jimmie;Corwin;788020600;1965-05-22;3597 Nerissa Walk, North Dan, United States, 83024;+374 811.017.4981 x87669
Jamal;Wehner;199259789;1981-02-23;51070 Stanley Lodge, New Ninfa, United States, 53038;+66 306.192.6344 x154
Rosario;Hammes;787415009;1999-08-13;33722 Hartmann Tunnel, Felicidadbury, United States, 80543;+966 502-707-5327 x605
Dolores;Russel;345546535;1973-05-25;1036 Reid Meadow, Carryberg, United States, 68459-7148;+374 178.171.3759
Terrie;Bartoletti;945597953;1969-09-15;2550 Dan Brooks, Kuhlmanview, United States, 08648-8859;+809 330-016-8878 x055
Georgianne;Hartmann;343252219;1973-07-02;320 Pfannerstill Summit, North Jacobshire, United States, 60188;+594 1-381-889-7485 x831
Alberto;Robel;133617696;1980-01-01;153 Mosciski Bridge, Lake Trudi, United States, 39379;+502 841.419.8443 x161
Jc;Predovic;986730968;2003-07-30;557 Mirtha Way, West Moshe, United States, 06934-9209;+672 515.466.6292 x8746
Bev;Funk;917733909;1960-09-14;7594 Raisa Trail, North Matthewfurt, United States, 35068-2404;+886 1-754-206-3063 x4111
Hyman;Heaney;688813112;1993-08-04;89361 Marvin Grove, Lake Angel, United States, 98974-3454;+265 754-904-8258
Mary;Goldner;195124276;1997-03-17;131 Mayert Mews, South Darrin, United States, 96025-4982;+687 669.651.8022 x71312
Kerry;Murphy;642875702;1971-04-08;3980 Veta Roads, Busterport, United States, 16582-0845;+423 519.881.1953
